{"deterministic_search_attempts":39,"deterministic_confirmed":16,"official_discovery_confirmed":11,"third_party_confirmed":0,"claude_attempts":10,"claude_confirmed":7,"claude_not_found":3,"claude_cost_usd_total":0.08332700000000001,"total_cost_usd":0.08332700000000001,"total_ms_samples":[17,3,4,2,2,1,34,2,1,2,2,2,1,1,3,2,73,13,3100,1,2,2,1,1,1,17095,17099,11872,7445,4683,15093,15096,5528,5750]}